mean_fit_time,std_fit_time,mean_score_time,std_score_time,param_max_depth,param_max_features,param_n_estimators,params,split0_test_score,split1_test_score,split2_test_score,split3_test_score,split4_test_score,mean_test_score,std_test_score,rank_test_score
1.5557822704315185,0.030033351327793598,0.08547167778015137,0.008033914340820535,3,4,100,"{'max_depth': 3, 'max_features': 4, 'n_estimators': 100}",0.811205194835339,0.8053400624165196,0.7814689879788062,0.8078080786979889,0.7927997239358706,0.799724409572905,0.011044468139082064,140
2.273851251602173,0.04746295911373377,0.12031874656677247,0.006311814980301026,3,4,150,"{'max_depth': 3, 'max_features': 4, 'n_estimators': 150}",0.8119219666900886,0.8052180727264286,0.7801244637728866,0.8027335713517039,0.7928798459964089,0.7985755841075033,0.011067273514727144,148
3.248843479156494,0.07762035492452384,0.17092061042785645,0.012294026197422122,3,4,200,"{'max_depth': 3, 'max_features': 4, 'n_estimators': 200}",0.8126693348779206,0.8032577973172291,0.7756351112967992,0.806286702411624,0.796044270743813,0.7987786433294771,0.012747430734903592,144
4.597600984573364,0.06602084354640601,0.23537063598632812,0.007751705778288909,3,4,300,"{'max_depth': 3, 'max_features': 4, 'n_estimators': 300}",0.8102746442912517,0.8070944719811443,0.776839182508182,0.8062579524089865,0.7928358185274993,0.7986604139434127,0.01244056530388667,147
8.021660470962525,0.37847776578190434,0.4001894950866699,0.012007588422128911,3,4,500,"{'max_depth': 3, 'max_features': 4, 'n_estimators': 500}",0.8131380390493613,0.8059163812767323,0.780188425934718,0.8062762838326866,0.7954720458626079,0.8001982351912214,0.011487451639784521,139
8.64504632949829,0.4257549949028671,0.44202461242675783,0.04619537529605524,3,4,550,"{'max_depth': 3, 'max_features': 4, 'n_estimators': 550}",0.8113869265033877,0.8064192425613984,0.7764438040315416,0.806678256346629,0.7955649927414172,0.7992986444368747,0.012550474396176264,141
1.7561054229736328,0.010822849126982295,0.08277840614318847,0.0010923189538121986,3,auto,100,"{'max_depth': 3, 'max_features': 'auto', 'n_estimators': 100}",0.8170750749610161,0.8090828379892513,0.7823954502197661,0.8068725166855519,0.7985162875192042,0.802788433474958,0.011785859204364927,135
2.6106197357177736,0.03508253563130473,0.11928167343139648,0.0010175043931921965,3,auto,150,"{'max_depth': 3, 'max_features': 'auto', 'n_estimators': 150}",0.8134821159157903,0.8072458710776029,0.7841626522167571,0.810930091599091,0.7956529154646155,0.8022947292547714,0.010928191219101366,138
3.4625593185424806,0.027565247478261768,0.1573843002319336,0.002715908273582488,3,auto,200,"{'max_depth': 3, 'max_features': 'auto', 'n_estimators': 200}",0.8156855794206953,0.8083803092550743,0.7848129561755006,0.8098907394395174,0.7992279988259341,0.8035995166233445,0.010775466560343564,129
5.335445976257324,0.03458116352075883,0.2383594036102295,0.0010930809376169667,3,auto,300,"{'max_depth': 3, 'max_features': 'auto', 'n_estimators': 300}",0.8161182801484661,0.8089440994444128,0.7840640054187161,0.8101670296024798,0.7974592316215066,0.8033505292471164,0.011379328247507718,131
8.868122720718384,0.06874551324482549,0.39393911361694334,0.016500830003363463,3,auto,500,"{'max_depth': 3, 'max_features': 'auto', 'n_estimators': 500}",0.815173486483806,0.8076208080386063,0.7836707370340126,0.8095351889481825,0.7983805031030772,0.802876144721537,0.011019417338756719,134
9.721498584747314,0.11719958044396649,0.42685680389404296,0.006209077171089854,3,auto,550,"{'max_depth': 3, 'max_features': 'auto', 'n_estimators': 550}",0.8160566918400636,0.8086369491868761,0.7818031737892821,0.8095196270201493,0.7989547112036026,0.8029942306079947,0.011919962842625665,133
2.0778401374816893,0.08191913646398664,0.08457770347595214,0.0004014776207113647,3,6,100,"{'max_depth': 3, 'max_features': 6, 'n_estimators': 100}",0.8258194278274704,0.8110540595003725,0.7866898829532003,0.8173984465503161,0.799751039867997,0.8081425713398712,0.013691273746166249,115
3.0604150772094725,0.03342837372162383,0.12306780815124511,0.00047375691216124355,3,6,150,"{'max_depth': 3, 'max_features': 6, 'n_estimators': 150}",0.8202611819046957,0.8122744839242645,0.7878493784724201,0.8143612329689205,0.7992688531439315,0.8068030260828465,0.011697776027792506,120
4.07690110206604,0.02504601305168697,0.16135849952697753,0.00039416022887001713,3,6,200,"{'max_depth': 3, 'max_features': 6, 'n_estimators': 200}",0.8249778967869631,0.811459460913712,0.7882735069516978,0.8118051203490936,0.7997124331985626,0.8072456836400057,0.012407007017097927,118
6.1892828941345215,0.2183950325647055,0.37577166557312014,0.2733643663299819,3,6,300,"{'max_depth': 3, 'max_features': 6, 'n_estimators': 300}",0.8203163080565421,0.8165852698702083,0.7875527786745669,0.8139572822437874,0.8008154997844901,0.8078454277259188,0.012086967816275775,116
10.121246337890625,0.058802714183440116,0.3911555290222168,0.001323118647326465,3,6,500,"{'max_depth': 3, 'max_features': 6, 'n_estimators': 500}",0.8187886014943672,0.8120108543129224,0.7894695334375719,0.8126251548279959,0.7994075462817283,0.8064603380709171,0.010575713586791734,121
11.117505598068238,0.06305935304047008,0.4290605068206787,0.0017273173511362294,3,6,550,"{'max_depth': 3, 'max_features': 6, 'n_estimators': 550}",0.8200662621620424,0.8124724369240768,0.7858421535176288,0.8139815483010595,0.7995640883934072,0.806385297859643,0.012251324377724221,122
2.541237497329712,0.016683862616031032,0.08577280044555664,0.0006301702690000273,3,8,100,"{'max_depth': 3, 'max_features': 8, 'n_estimators': 100}",0.8357476741511626,0.8171847997417248,0.7921602962991097,0.824194393274715,0.8064519413072853,0.8151478209547994,0.01492908783328409,98
3.844153547286987,0.08166259916799683,0.12467098236083984,0.0006390504455270655,3,8,150,"{'max_depth': 3, 'max_features': 8, 'n_estimators': 150}",0.8308918250818188,0.8173483318668194,0.7981156351482235,0.8250926330360214,0.806779965782856,0.8156456781831478,0.011920505408627557,97
5.054782247543335,0.022824714363711137,0.1623659610748291,0.0011495079004951035,3,8,200,"{'max_depth': 3, 'max_features': 8, 'n_estimators': 200}",0.8311145716618873,0.815881554209317,0.7972371774988236,0.8227314401588477,0.8046731257916351,0.8143275738641021,0.012166619367617336,101
7.545344495773316,0.02552612855435028,0.2405545234680176,0.0007455421080818477,3,8,300,"{'max_depth': 3, 'max_features': 8, 'n_estimators': 300}",0.8302246403875817,0.8177396220403323,0.7973120857625766,0.8199298974706327,0.8051286051621876,0.8140669701646621,0.011571975766240528,102
12.669366550445556,0.15473096331551425,0.39413938522338865,0.001598049607175926,3,8,500,"{'max_depth': 3, 'max_features': 8, 'n_estimators': 500}",0.8283851677417585,0.8164785783466586,0.792977165640107,0.8228701787036861,0.8066022693317608,0.8134626719527942,0.012545906489577503,104
13.889304161071777,0.09282951135644427,0.43543295860290526,0.0018469974203226677,3,8,550,"{'max_depth': 3, 'max_features': 8, 'n_estimators': 550}",0.8303942390269944,0.8180449259674243,0.7967610880056044,0.8233374321869203,0.8043218315427066,0.8145719033459301,0.012341246318377571,99
3.051556444168091,0.021697565637275627,0.08636455535888672,0.0004926492986125115,3,10,100,"{'max_depth': 3, 'max_features': 10, 'n_estimators': 100}",0.8311019111102671,0.8129265023327066,0.8016913178157172,0.8263568418676002,0.8107906963215248,0.816573453889563,0.010723891685501617,96
4.574879312515259,0.09772508017800732,0.12506356239318847,0.0004862808765011563,3,10,150,"{'max_depth': 3, 'max_features': 10, 'n_estimators': 150}",0.836262668464465,0.8158178558089777,0.805864815905029,0.827261939427701,0.8086498771726168,0.8187714313557579,0.01145235602746032,84
6.052250957489013,0.06724041531029214,0.1641664981842041,0.001609682350134532,3,10,200,"{'max_depth': 3, 'max_features': 10, 'n_estimators': 200}",0.8356546982252016,0.8166575405190404,0.8049918972469631,0.8304671690795569,0.8090540572700854,0.8193650724681694,0.011906673641978432,79
9.045845556259156,0.05048136384421668,0.2421584129333496,0.002483838271390547,3,10,300,"{'max_depth': 3, 'max_features': 10, 'n_estimators': 300}",0.8356612922625039,0.8151482972613117,0.8023123442488389,0.8336259767088052,0.8103906148773179,0.8194277050717554,0.01309990974814862,78
15.024727535247802,0.06425490785168943,0.39693484306335447,0.0020948539207026897,3,10,500,"{'max_depth': 3, 'max_features': 10, 'n_estimators': 500}",0.8351612004735046,0.815125218130754,0.8044327228837361,0.8304889294026541,0.8107506352912556,0.8191917412363809,0.011732583613761047,82
16.621660041809083,0.10419065528175908,0.43823728561401365,0.001336146392248761,3,10,550,"{'max_depth': 3, 'max_features': 10, 'n_estimators': 550}",0.8367863669070061,0.8139438304076908,0.8041164728547222,0.8316066187253779,0.8103401088919622,0.8193586795573518,0.012623124601673443,80
2.245634984970093,0.021114894599301534,0.09932188987731934,0.0004840534478305041,5,4,100,"{'max_depth': 5, 'max_features': 4, 'n_estimators': 100}",0.8327278688282448,0.8211650925380818,0.7975274470208666,0.8270096515605184,0.8117138188077944,0.8180287757511012,0.012383368778195717,90
3.358260726928711,0.04093905327999413,0.14460296630859376,0.0006304175398124896,5,4,150,"{'max_depth': 5, 'max_features': 4, 'n_estimators': 150}",0.8324795373834438,0.8227923690635202,0.7980838518884267,0.8249763142180104,0.8103758068397267,0.8177415758786257,0.012130458573052304,94
4.489838171005249,0.01853350976035271,0.19127349853515624,0.0009634079519477991,5,4,200,"{'max_depth': 5, 'max_features': 4, 'n_estimators': 200}",0.8347983965411373,0.8226047027618993,0.8036832446039673,0.8240776788144659,0.8097230632541191,0.8189774171951179,0.011036557785370656,83
6.714088058471679,0.02018580910905608,0.28163981437683105,0.0018632407472137674,5,4,300,"{'max_depth': 5, 'max_features': 4, 'n_estimators': 300}",0.8315781324842323,0.8224622715561717,0.8004848727509057,0.8274394509118762,0.8105660636798502,0.8185061582766073,0.011438032116384535,85
11.200486087799073,0.016148877727733397,0.46416382789611815,0.0013553241570266694,5,4,500,"{'max_depth': 5, 'max_features': 4, 'n_estimators': 500}",0.8324001451743253,0.8220171740382727,0.7990877281273144,0.8243360331959664,0.8108749170353251,0.8177431995142408,0.011591016238003,93
12.263513374328614,0.044216335142214326,0.510447645187378,0.0018099672682567488,5,4,550,"{'max_depth': 5, 'max_features': 4, 'n_estimators': 550}",0.8304456725179516,0.8232233553415923,0.7991083015236974,0.8231495021238073,0.8101243346299181,0.8172102332273934,0.011175860558697114,95
2.684252214431763,0.02118628182450838,0.10033626556396484,0.0010219850523959966,5,auto,100,"{'max_depth': 5, 'max_features': 'auto', 'n_estimators': 100}",0.8387743372728749,0.8235430342700032,0.8095113185331485,0.8295085279365622,0.8164701075962588,0.8235614651217695,0.010143898122729929,54
3.9680303573608398,0.03589344773690408,0.14620633125305177,0.00048665142556355683,5,auto,150,"{'max_depth': 5, 'max_features': 'auto', 'n_estimators': 150}",0.8423730990709265,0.8229205571486751,0.8078266738831812,0.8310520601882625,0.8163106567629101,0.8240966094107911,0.011909016159580267,49
5.371504163742065,0.13728608269470768,0.19288372993469238,0.0033581497687822665,5,auto,200,"{'max_depth': 5, 'max_features': 'auto', 'n_estimators': 200}",0.8385633280792045,0.8249516525185001,0.8061289730393553,0.8314637918774122,0.8133370177141149,0.8228889526457174,0.011794956728939161,63
7.964525747299194,0.052514962260663,0.2819164752960205,0.0014242653268992716,5,auto,300,"{'max_depth': 5, 'max_features': 'auto', 'n_estimators': 300}",0.83667255382317,0.8244845309160119,0.8069920006414679,0.8337978173209006,0.8159834255750675,0.8235860656553236,0.01104089139829975,53
13.002484321594238,0.09633188568157273,0.46344852447509766,0.010411311622998937,5,auto,500,"{'max_depth': 5, 'max_features': 'auto', 'n_estimators': 500}",0.8397108224505343,0.8244672545382802,0.8069664157767356,0.8307806496129037,0.8158732907954824,0.8235596866347873,0.011386329458931314,55
14.07093596458435,0.0862018388618638,0.4972214221954346,0.0029422175657428506,5,auto,550,"{'max_depth': 5, 'max_features': 'auto', 'n_estimators': 550}",0.8395769634932995,0.8239599093082487,0.8072860947051463,0.8318082643860792,0.8155481750415814,0.823635881386871,0.011434486916071162,51
2.976391839981079,0.01859289156376597,0.09693493843078613,0.0009857712892976046,5,6,100,"{'max_depth': 5, 'max_features': 6, 'n_estimators': 100}",0.8415889361549482,0.8237609012624679,0.8127897419990591,0.8376992454311235,0.8168159810457118,0.8265309611786622,0.01133444625021488,42
4.418065309524536,0.03688491284566863,0.14131612777709962,0.001644839443528758,5,6,150,"{'max_depth': 5, 'max_features': 6, 'n_estimators': 150}",0.8459320328836728,0.8248303222321396,0.8163979992108256,0.837306108927166,0.8172302094544031,0.8283393345416414,0.011560513785379504,28
5.913832950592041,0.08795409773662906,0.18659086227416993,0.0011425365126700121,5,6,200,"{'max_depth': 5, 'max_features': 6, 'n_estimators': 200}",0.8436342746453462,0.8253732752636033,0.8140989221650388,0.8343385283796816,0.8181081145401707,0.827110622998768,0.010757709553797916,38
9.094477462768555,0.07876512447818967,0.29549150466918944,0.027788303867659642,5,6,300,"{'max_depth': 5, 'max_features': 6, 'n_estimators': 300}",0.8416230932681737,0.8242580916750541,0.8119290882503751,0.8373327488378668,0.8185076671258921,0.8267301378314723,0.011198272966829988,40
15.08156590461731,0.054901903757473156,0.4681288719177246,0.0053384437122599064,5,6,500,"{'max_depth': 5, 'max_features': 6, 'n_estimators': 500}",0.8450734892269256,0.8243216581946475,0.8124418405909946,0.8370349621132993,0.8178140692222873,0.8273372038696308,0.012085344758507475,34
16.638846683502198,0.0451754091543207,0.5089285373687744,0.002830294445531898,5,6,550,"{'max_depth': 5, 'max_features': 6, 'n_estimators': 550}",0.8441197276715346,0.8241119678084374,0.8129559117390743,0.836737966673208,0.8181032225991808,0.827205759298287,0.011596820074242422,36
3.869643545150757,0.01869527674886096,0.10009655952453614,0.0009973471172303886,5,8,100,"{'max_depth': 5, 'max_features': 8, 'n_estimators': 100}",0.8482692234650664,0.8219177359557556,0.8180913479900319,0.8406532422617653,0.8208613518151746,0.8299585802975589,0.012148262379180479,11
5.7943785190582275,0.026979170433263165,0.14508910179138185,0.0010675131578237848,5,8,150,"{'max_depth': 5, 'max_features': 8, 'n_estimators': 150}",0.8467788391540221,0.8214398001320918,0.8193986818255672,0.8405122617442442,0.820692910387574,0.8297644986486997,0.011524293225803884,14
7.728425598144531,0.09681270959303408,0.19188265800476073,0.0007977290188161179,5,8,200,"{'max_depth': 5, 'max_features': 8, 'n_estimators': 200}",0.8485296879385036,0.8228526385644623,0.819619713955937,0.8400761321170763,0.8198340442072807,0.8301824433566519,0.011890274317049823,9
11.567951154708862,0.08049413859793798,0.28209452629089354,0.001282602136863581,5,8,300,"{'max_depth': 5, 'max_features': 8, 'n_estimators': 300}",0.8479987360549299,0.8227161419923066,0.8202063195143412,0.8410454556005005,0.8204524119913372,0.8304838130306832,0.011703960145770687,6
19.16937646865845,0.054114533730586424,0.46719064712524416,0.002751051279101246,5,8,500,"{'max_depth': 5, 'max_features': 8, 'n_estimators': 500}",0.8479453243527821,0.8218698632449416,0.8197699261256814,0.8409527434360314,0.8204374717391247,0.8301950657797124,0.011865938508858169,8
21.097351789474487,0.10765200557356638,0.5117360591888428,0.0028994665950891987,5,8,550,"{'max_depth': 5, 'max_features': 8, 'n_estimators': 550}",0.8477864080537989,0.8223278850759527,0.8193104536064637,0.8406717055662115,0.820741962012095,0.8301676828629043,0.011738313680665032,10
4.672592353820801,0.03646233021528636,0.10019950866699219,0.0008555307181425641,5,10,100,"{'max_depth': 5, 'max_features': 10, 'n_estimators': 100}",0.8487530939223022,0.8196235384975723,0.8223578220053048,0.84189925155039,0.8192300878169515,0.8303727587585042,0.012447014259672758,7
7.012036275863648,0.02150140711348704,0.14788565635681153,0.00039316635094934865,5,10,150,"{'max_depth': 5, 'max_features': 10, 'n_estimators': 150}",0.8484712647680059,0.8201082002392843,0.8233862280629567,0.8424607997670459,0.8219677237666358,0.8312788433207856,0.011784643354798481,1
9.368020677566529,0.11999796829097245,0.19329333305358887,0.0018508838739807847,5,10,200,"{'max_depth': 5, 'max_features': 10, 'n_estimators': 200}",0.8491024460185731,0.8205120190836714,0.8225363885354484,0.8415407996826422,0.8204529408498227,0.8308289188340314,0.012095714823190046,4
13.969290351867675,0.03472469255711279,0.28452529907226565,0.002933763808910916,5,10,300,"{'max_depth': 5, 'max_features': 10, 'n_estimators': 300}",0.8489361443978113,0.8197721680983641,0.8222354366729759,0.8410504670688501,0.8212267930285874,0.8306442018533178,0.012004012300777956,5
23.382313299179078,0.0605880778149562,0.47113876342773436,0.002460544835752358,5,10,500,"{'max_depth': 5, 'max_features': 10, 'n_estimators': 500}",0.8492712533735095,0.8202833378700309,0.8225590720237681,0.8419936781645576,0.8217466609197379,0.8311708004703208,0.012052171521047128,3
25.66404047012329,0.07928752087630764,0.5170011520385742,0.003446996856277026,5,10,550,"{'max_depth': 5, 'max_features': 10, 'n_estimators': 550}",0.8490380882145034,0.8204012392569945,0.8226131431296463,0.8424726690341898,0.8214553921089025,0.8311961063488473,0.012087804680321812,2
3.234209394454956,0.03167608553208575,0.12414851188659667,0.0008898609103455367,8,4,100,"{'max_depth': 8, 'max_features': 4, 'n_estimators': 100}",0.8418151116344139,0.8225792497779129,0.8107954413573799,0.8299865956409722,0.8175439547508679,0.8245440706323095,0.010675175746087034,46
4.827445077896118,0.039340343624045426,0.18326020240783691,0.0019175642327393845,8,4,150,"{'max_depth': 8, 'max_features': 4, 'n_estimators': 150}",0.8419819407781596,0.8247519850689894,0.8113895641183086,0.8294412687560797,0.8163895888918563,0.8247908695226787,0.010652109262684135,43
6.414871644973755,0.03122782290257132,0.25761260986328127,0.03335966213108127,8,4,200,"{'max_depth': 8, 'max_features': 4, 'n_estimators': 200}",0.8423142802581909,0.8236229540021058,0.8116910435037654,0.8282137227719013,0.8171387169364285,0.8245961434944784,0.010489243677531115,45
9.604504489898682,0.029979877078646154,0.3573117256164551,0.0016087555547506316,8,4,300,"{'max_depth': 8, 'max_features': 4, 'n_estimators': 300}",0.8417213444239764,0.824152982720457,0.8117241455710226,0.8285227193598824,0.8175845446396226,0.8247411473429922,0.010233597752858285,44
15.975702905654908,0.044617418951414155,0.591236925125122,0.0021187969066059145,8,4,500,"{'max_depth': 8, 'max_features': 4, 'n_estimators': 500}",0.8418377951227335,0.8241786994659357,0.811417918478708,0.8278246745710711,0.8166265174933165,0.824377121026353,0.010438514475312617,47
17.695376443862916,0.1348420095907301,0.6498241424560547,0.004497222896608835,8,4,550,"{'max_depth': 8, 'max_features': 4, 'n_estimators': 550}",0.8404587181613503,0.8245442728939699,0.811372947144307,0.8284898810541175,0.8168637105240195,0.8243459059555528,0.010011148835503515,48
3.8703747272491453,0.04586918678251524,0.1258784770965576,0.0007457442381622094,8,auto,100,"{'max_depth': 8, 'max_features': 'auto', 'n_estimators': 100}",0.8429566713721717,0.8239002992110365,0.8157567950235591,0.8298043364499391,0.8203324933297724,0.8265501190772957,0.009401501457764808,41
5.763728857040405,0.020193604811101967,0.18508696556091309,0.0011912744764466785,8,auto,150,"{'max_depth': 8, 'max_features': 'auto', 'n_estimators': 150}",0.8461888046962207,0.823694697127954,0.8155595014274772,0.8331005638165654,0.8188601513064128,0.827480743674926,0.01106651438857897,31
7.683104419708252,0.027363922970753934,0.24981470108032228,0.009996117855362563,8,auto,200,"{'max_depth': 8, 'max_features': 'auto', 'n_estimators': 200}",0.844542141701114,0.8244212281579109,0.8155356310124432,0.8324629204094423,0.8198239958960583,0.8273571834353938,0.0102616683850674,33
11.460508918762207,0.0393520495152409,0.36249141693115233,0.006039826217390469,8,auto,300,"{'max_depth': 8, 'max_features': 'auto', 'n_estimators': 300}",0.8441588962531098,0.8260095998632659,0.8149914910542654,0.8324188722402635,0.8182917606492266,0.8271741240120262,0.010437038978986832,37
19.165207386016846,0.21944480367933003,0.594624376296997,0.00213272888400356,8,auto,500,"{'max_depth': 8, 'max_features': 'auto', 'n_estimators': 500}",0.8455122564690143,0.8244747717408047,0.8154841975214862,0.8329631440791875,0.8188777358510523,0.827462421132309,0.010790321772367549,32
21.043107414245604,0.02643982775388312,0.6571317672729492,0.0030989387933447517,8,auto,550,"{'max_depth': 8, 'max_features': 'auto', 'n_estimators': 550}",0.845654292032504,0.8251238887728339,0.814478870594392,0.8325657873913567,0.8187189460908103,0.8273083569763793,0.011021429210142432,35
4.452564334869384,0.022461116861686194,0.1263059139251709,0.0011561877625145798,8,6,100,"{'max_depth': 8, 'max_features': 6, 'n_estimators': 100}",0.8459857083473128,0.8225504997752752,0.8157875232373876,0.8323798355394345,0.817585073498108,0.8268577280795035,0.01116653100852502,39
6.700111818313599,0.024529092717933947,0.1854231834411621,0.000577357955829862,8,6,150,"{'max_depth': 8, 'max_features': 6, 'n_estimators': 150}",0.8474006568716198,0.8237916294762964,0.8169749774747687,0.8323343366820491,0.8197971563279242,0.8280597513665316,0.010969979570170808,30
8.930090761184692,0.021156124749186326,0.2450878620147705,0.0010784033354544497,8,6,200,"{'max_depth': 8, 'max_features': 6, 'n_estimators': 200}",0.8471597107485974,0.8239427648112628,0.8171655451528024,0.8332163551115923,0.8199655977555247,0.8282899947159559,0.010883773064360207,29
13.385989904403687,0.04712658429164217,0.3639693260192871,0.001877198471667119,8,6,300,"{'max_depth': 8, 'max_features': 6, 'n_estimators': 300}",0.8472019125873314,0.8237181719007498,0.8173814339340766,0.8346910456138573,0.8206270675061413,0.8287239263084313,0.010920726373689111,24
22.303981971740722,0.12622074807944628,0.6002104759216309,0.0022553440985041678,8,6,500,"{'max_depth': 8, 'max_features': 6, 'n_estimators': 500}",0.847388787604476,0.8240098921109992,0.8170138822948516,0.8337367565354822,0.8199000193033348,0.8284098675698287,0.011047361075645927,27
24.399024486541748,0.05952277919542355,0.6572659969329834,0.001572378989306083,8,6,550,"{'max_depth': 8, 'max_features': 6, 'n_estimators': 550}",0.8470054102757257,0.8237176443777656,0.8179266289382229,0.8343376052144592,0.8202868792854064,0.8286548336183159,0.01075667634212391,25
5.736355113983154,0.01967671529452614,0.12785601615905762,0.0007455368868463037,8,8,100,"{'max_depth': 8, 'max_features': 8, 'n_estimators': 100}",0.8459726521534543,0.8223769447134812,0.8183171278272594,0.8349529607755011,0.8212665896296139,0.828577255019862,0.010396243087479702,26
8.655544519424438,0.18227424703460593,0.18769097328186035,0.0006934255570016355,8,8,150,"{'max_depth': 8, 'max_features': 8, 'n_estimators': 150}",0.8487644356664619,0.8191165889097787,0.8215360730767038,0.8357749734655939,0.8206130527562782,0.8291610247749632,0.011490312804671946,21
11.428453207015991,0.02813293861249586,0.24702954292297363,0.0016391529948281702,8,8,200,"{'max_depth': 8, 'max_features': 8, 'n_estimators': 200}",0.8500378761502638,0.8222041809361633,0.819684994925229,0.8353574390236183,0.819538412313941,0.8293645806698431,0.011872815894817437,18
17.103860759735106,0.04123918055035524,0.3674338340759277,0.0013832887949759396,8,8,300,"{'max_depth': 8, 'max_features': 8, 'n_estimators': 300}",0.8490794987687613,0.8223702187954329,0.8206744961627978,0.8355493255091124,0.8190201309982468,0.8293387340468703,0.011474946883644454,19
28.536660861968993,0.10233838904597133,0.6038034439086915,0.004050073265356497,8,8,500,"{'max_depth': 8, 'max_features': 8, 'n_estimators': 500}",0.8481095158816069,0.8224952417426827,0.8211668069877804,0.8363742395756183,0.8210325697498235,0.8298356747875022,0.010800110947021928,13
31.347370433807374,0.46415598549718906,0.6642917633056641,0.009383924082829318,8,8,550,"{'max_depth': 8, 'max_features': 8, 'n_estimators': 550}",0.8488977671007125,0.8223900009073395,0.8206225351488564,0.8355654149601299,0.8200592057074407,0.8295069847648959,0.011238793968684473,15
7.002397251129151,0.042097119173625824,0.12795705795288087,0.0006793216087746703,8,10,100,"{'max_depth': 8, 'max_features': 10, 'n_estimators': 100}",0.8485983978071925,0.8210756773922638,0.8199145993040917,0.8353640330609206,0.8207160479463103,0.8291337511021558,0.01130019400583315,22
10.490742301940918,0.023868955193225266,0.1883634090423584,0.0016822795721938384,8,10,150,"{'max_depth': 8, 'max_features': 10, 'n_estimators': 150}",0.8492642636939691,0.8210380913796413,0.821213097129642,0.8358824562736199,0.8190861060943008,0.8292968029142346,0.011660885602151377,20
14.03012719154358,0.09896518675748751,0.24894542694091798,0.001470946902370507,8,10,200,"{'max_depth': 8, 'max_features': 10, 'n_estimators': 200}",0.8490412533524085,0.8201842954297519,0.8206826727690526,0.8351395720311534,0.8205302864033128,0.8291156159971358,0.011470919519494843,23
20.980079698562623,0.08943313518093234,0.3685236930847168,0.0013263120475968575,8,10,300,"{'max_depth': 8, 'max_features': 10, 'n_estimators': 300}",0.8487925262653694,0.8213983895778338,0.8219354079757255,0.8357016477707934,0.8195496505567558,0.8294755244292956,0.011247467336908222,17
34.898559141159055,0.1865382303697232,0.608640480041504,0.0028293652725392615,8,10,500,"{'max_depth': 8, 'max_features': 10, 'n_estimators': 500}",0.8492289196540294,0.8213563196198458,0.8222201385064347,0.8360850250995435,0.8208149444830806,0.8299410694725868,0.011192553039499968,12
37.365387725830075,0.2149638992689879,0.6577537536621094,0.003333374334806108,8,10,550,"{'max_depth': 8, 'max_features': 10, 'n_estimators': 550}",0.8487217063047436,0.8212873459896647,0.8220886534026288,0.8354868140354875,0.8199384937581478,0.8295046026981344,0.011127569146314058,16
3.676939105987549,0.02337066709968417,0.1408454418182373,0.0010584085194848389,10,4,100,"{'max_depth': 10, 'max_features': 4, 'n_estimators': 100}",0.8337019400185267,0.818136319324433,0.8075164903684854,0.8193839111820103,0.8119885607909607,0.8181454443368832,0.008881670099093922,88
5.488371467590332,0.024891432055172743,0.20659937858581542,0.001125949419497716,10,4,150,"{'max_depth': 10, 'max_features': 4, 'n_estimators': 150}",0.8342793139247078,0.8192148400655817,0.8066007104679551,0.8196300006541284,0.8113778614549426,0.818220545313463,0.009409592126606296,87
7.288762474060059,0.023805324901390243,0.27280483245849607,0.0013396127677988265,10,4,200,"{'max_depth': 10, 'max_features': 4, 'n_estimators': 200}",0.834611917166231,0.8188447826921819,0.8063030556241335,0.8201173000107614,0.8099508690467061,0.8179655849080028,0.009826021615210317,91
11.049207162857055,0.09340181036906776,0.4134037494659424,0.016313761039304465,10,4,300,"{'max_depth': 10, 'max_features': 4, 'n_estimators': 300}",0.8345499332155901,0.8172164511207753,0.8053289844338517,0.8200414685817861,0.8131980601470755,0.8180669794998158,0.009615328000840594,89
18.651040458679198,0.08509120614912638,0.6908139228820801,0.004767721142752479,10,4,500,"{'max_depth': 10, 'max_features': 4, 'n_estimators': 500}",0.8351531557479959,0.8177526782341907,0.8049620921983571,0.8203809296221036,0.8109482961501746,0.8178394303905643,0.010193580333412475,92
20.5568932056427,0.047640387406065146,0.7560290336608887,0.003491797273053726,10,4,550,"{'max_depth': 10, 'max_features': 4, 'n_estimators': 550}",0.8372087809365854,0.8181827413470405,0.8063510602156936,0.8207772312639663,0.8099434650279105,0.8184926557582394,0.010734204007167571,86
4.490570116043091,0.020996456359154227,0.1442854404449463,0.0004194287670383602,10,auto,100,"{'max_depth': 10, 'max_features': 'auto', 'n_estimators': 100}",0.8392204898367422,0.8144370643978959,0.8060022356424069,0.8229838599067761,0.8138433997138874,0.8192974098995418,0.011319451151607048,81
6.749618148803711,0.02219483647424688,0.21269760131835938,0.0011624282178315695,10,auto,150,"{'max_depth': 10, 'max_features': 'auto', 'n_estimators': 150}",0.8400754727133461,0.8172649832353196,0.8076401945082747,0.8242429253892593,0.8124031858435161,0.8203253523379432,0.011300039324078656,75
8.977321815490722,0.05061082036551486,0.2817352771759033,0.0008301615590920054,10,auto,200,"{'max_depth': 10, 'max_features': 'auto', 'n_estimators': 200}",0.8395926573020787,0.8182514512157295,0.8081119319368745,0.8221046109729002,0.8121066284478269,0.8200334559750819,0.010908573789251641,77
13.448074054718017,0.03954042589131617,0.4186518669128418,0.0021188352855484927,10,auto,300,"{'max_depth': 10, 'max_features': 'auto', 'n_estimators': 300}",0.839545971517979,0.817900516550506,0.8074423733892084,0.823324375993062,0.8131401501429238,0.8202706775187358,0.010971686321086084,76
22.105446910858156,0.24911446179828697,0.6807262897491455,0.00656642832203257,10,auto,500,"{'max_depth': 10, 'max_features': 'auto', 'n_estimators': 500}",0.8391103694137954,0.8183409982422934,0.8089320982965228,0.8226455857931729,0.8131302340463228,0.8204318571584215,0.010428012845241167,74
24.368533086776733,0.36227310194579965,0.7552384376525879,0.010723382691971834,10,auto,550,"{'max_depth': 10, 'max_features': 'auto', 'n_estimators': 550}",0.8392981675961622,0.8194916577515282,0.8101973621740699,0.8232804597046293,0.8120932747710705,0.820872184399492,0.01037538996224624,73
5.24701247215271,0.019387578848538638,0.14543871879577636,0.0007082042461415633,10,6,100,"{'max_depth': 10, 'max_features': 6, 'n_estimators': 100}",0.843468764309061,0.8166997423577745,0.8085596670696943,0.8230251385802879,0.8133814418268888,0.8210269508287414,0.012167493184326044,72
7.7780115604400635,0.06272625619729072,0.2134248733520508,0.002599195367304183,10,6,150,"{'max_depth': 10, 'max_features': 6, 'n_estimators': 150}",0.8401031676700154,0.8180909523477938,0.8106869035033857,0.8247845596132624,0.8129762040124493,0.8213283574293813,0.010563319867627097,71
10.195204496383667,0.04845932773814361,0.2764306545257568,0.0011250289644447657,10,6,200,"{'max_depth': 10, 'max_features': 6, 'n_estimators': 200}",0.8418934487975641,0.8182576496107935,0.8086597645559417,0.8241084070282942,0.816215594450159,0.8218269728885506,0.011184555503508558,70
15.262056446075439,0.07824058037997701,0.4109357833862305,0.0018029502671100006,10,6,300,"{'max_depth': 10, 'max_features': 6, 'n_estimators': 300}",0.842051441931325,0.8179168697630156,0.8103660376482604,0.8251271857914849,0.813942031821415,0.8218807133911004,0.011213566352640956,69
25.40631194114685,0.0814191518651968,0.6791327953338623,0.001895798458570125,10,6,500,"{'max_depth': 10, 'max_features': 6, 'n_estimators': 500}",0.8419749510986194,0.817296107091386,0.8109829757782547,0.8256106606064826,0.8146669645902802,0.8221063318330046,0.011038603613069246,67
27.898010206222533,0.11233741158905146,0.7448221206665039,0.002032603354929366,10,6,550,"{'max_depth': 10, 'max_features': 6, 'n_estimators': 550}",0.841354584069228,0.8176726266213419,0.8107648450242977,0.8259192615522257,0.8146062780790801,0.8220635190692347,0.010858750883753121,68
6.51824722290039,0.03877096529866894,0.1429959774017334,0.0013426953531449812,10,8,100,"{'max_depth': 10, 'max_features': 8, 'n_estimators': 100}",0.8421341311590946,0.8152752984197521,0.8132550172711026,0.8289132182489192,0.8140869390464152,0.8227329208290568,0.011267677909025796,65
9.818927097320557,0.16642591109635207,0.21019392013549804,0.0007960998698813686,10,8,150,"{'max_depth': 10, 'max_features': 8, 'n_estimators': 150}",0.8427675543823445,0.8171708203826441,0.8126520585001888,0.8272999210825616,0.8157843103553135,0.8231349329406106,0.010975243946502906,60
13.27462396621704,0.37025266291441156,0.28503999710083006,0.013355481285252206,10,8,200,"{'max_depth': 10, 'max_features': 8, 'n_estimators': 200}",0.8425353123885607,0.8176691977219448,0.8124799541266015,0.8273700816394571,0.8143345770322047,0.8228778245817537,0.011089001603453566,64
19.627759981155396,0.13303388424106488,0.41620526313781736,0.00277565633770543,10,8,300,"{'max_depth': 10, 'max_features': 8, 'n_estimators': 300}",0.8432187184145613,0.8178116289276723,0.8118999426054994,0.828664754923372,0.814699753816375,0.8232589597374961,0.011485427960638847,58
33.81850166320801,1.8172086582219884,0.7088641166687012,0.037416034423018586,10,8,500,"{'max_depth': 10, 'max_features': 8, 'n_estimators': 500}",0.8423845726958323,0.8179502355917646,0.8111197361119022,0.8284145771481263,0.8154767791460522,0.8230691801387355,0.011209772678175392,61
37.21919422149658,1.5273346503227585,0.7845800399780274,0.06538382913401836,10,8,550,"{'max_depth': 10, 'max_features': 8, 'n_estimators': 550}",0.8431653067124134,0.8179410039395416,0.8112936868159345,0.8284904085771017,0.8153358383596926,0.8232452488809369,0.011470431807330811,59
8.379678535461426,0.4653894906290257,0.14661808013916017,0.0011132453916244006,10,10,100,"{'max_depth': 10, 'max_features': 10, 'n_estimators': 100}",0.8415622962442473,0.8168181712677222,0.8105974883575677,0.8275805633101435,0.8141225047795586,0.8221362047918479,0.011248616930042022,66
12.997881364822387,0.41521723290475393,0.24035439491271973,0.02110865478829661,10,10,150,"{'max_depth': 10, 'max_features': 10, 'n_estimators': 150}",0.8421002378073612,0.8170973628070977,0.8126809403835726,0.8279296516449222,0.8149368146324567,0.8229490014550821,0.010912805513248146,62
17.505031538009643,0.19580802930404703,0.3046717166900635,0.0030389822989086487,10,10,200,"{'max_depth': 10, 'max_features': 10, 'n_estimators': 200}",0.8419898536229224,0.8173522882892008,0.8141249026720094,0.8290606609229964,0.8143274374426519,0.8233710285899563,0.01079384252091396,57
25.260989284515382,0.6908565297334527,0.4519521713256836,0.029698073834313082,10,10,300,"{'max_depth': 10, 'max_features': 10, 'n_estimators': 300}",0.8433433457195729,0.8176161816620349,0.8116566226290479,0.8296261655620336,0.8158424847887078,0.8236169600722795,0.011530328013925083,52
41.430190849304196,0.7142493697326581,0.7023151397705079,0.005788908572155228,10,10,500,"{'max_depth': 10, 'max_features': 10, 'n_estimators': 500}",0.8428390337467002,0.817825344525261,0.8126452007013945,0.8283310966358804,0.8154290496677445,0.8234139450553961,0.011067694570501108,56
45.16928482055664,1.3529023120212822,0.7769268989562989,0.0256154545154649,10,10,550,"{'max_depth': 10, 'max_features': 10, 'n_estimators': 550}",0.8421965107519735,0.8171573685465475,0.8139041343031316,0.8295235623416113,0.8157881445793327,0.8237139441045194,0.010746127520540447,50
4.527494430541992,0.014520812714791208,0.17075071334838868,0.0011688267748856506,15,4,100,"{'max_depth': 15, 'max_features': 4, 'n_estimators': 100}",0.8166256253784977,0.7989675847676682,0.7788387583797026,0.8012769485116467,0.7904527821922771,0.7972323398459584,0.01248803987084326,150
6.810382413864136,0.029038103660505243,0.25512104034423827,0.0027874489721473167,15,4,150,"{'max_depth': 15, 'max_features': 4, 'n_estimators': 150}",0.8178464454446279,0.8007181697906577,0.7834719927497242,0.796122785194751,0.7966376499644343,0.798959408628839,0.01107348587320632,142
9.31410813331604,0.2843210443247155,0.34945006370544435,0.015683473430502106,15,4,200,"{'max_depth': 15, 'max_features': 4, 'n_estimators': 200}",0.8167569786015577,0.7984891214210204,0.7861533920782928,0.7988802797137872,0.7936731337245123,0.7987905811078341,0.010087389919841379,143
14.342824506759644,0.4157185918793692,0.5309452056884766,0.021105824829892754,15,4,300,"{'max_depth': 15, 'max_features': 4, 'n_estimators': 300}",0.8167589568127483,0.8010184622494003,0.7844799572917392,0.7949242529747022,0.7926984475359161,0.7979760153729012,0.01078299524128787,149
24.08114562034607,1.1499772105702366,0.8489415168762207,0.008364415465571515,15,4,500,"{'max_depth': 15, 'max_features': 4, 'n_estimators': 500}",0.8156417950130087,0.8004558589867761,0.7844680880245952,0.8003704002633395,0.7927036039061489,0.7987279492387737,0.010309198561229636,146
25.263731908798217,0.3318611631391709,0.9568165302276611,0.038962848942005114,15,4,550,"{'max_depth': 15, 'max_features': 4, 'n_estimators': 550}",0.8163544785646312,0.8011632673085568,0.7829062243491949,0.7999011685689145,0.7934533930238277,0.7987557063630251,0.010919210806915963,145
5.708543872833252,0.19313841067817858,0.1833052158355713,0.008421367013357339,15,auto,100,"{'max_depth': 15, 'max_features': 'auto', 'n_estimators': 100}",0.8249740722453278,0.8026980954310179,0.7897310529569773,0.8022771320896451,0.7959559513767508,0.8031272608199437,0.011908619865318189,132
8.386504125595092,0.2681856871226566,0.2639159202575684,0.009264672340351233,15,auto,150,"{'max_depth': 15, 'max_features': 'auto', 'n_estimators': 150}",0.8211410902423018,0.8024529291241219,0.788351580353356,0.8066223389103064,0.7943598564678072,0.8025855590195787,0.011232891459223737,137
11.580578327178955,0.41556922452687606,0.36384172439575196,0.013631044246179407,15,auto,200,"{'max_depth': 15, 'max_features': 'auto', 'n_estimators': 200}",0.8201873286869108,0.8022365128198635,0.7889598143541113,0.8044842882554393,0.797647240813067,0.8027030369858783,0.010232577392005468,136
16.779638147354127,0.7099081639819685,0.5380446910858154,0.04989380920176636,15,auto,300,"{'max_depth': 15, 'max_features': 'auto', 'n_estimators': 300}",0.8213534182434328,0.8030730323920214,0.7894380139392673,0.8047055841473013,0.7983904191996785,0.8033920935843403,0.010432347064816995,130
27.69531102180481,0.902854511309427,0.8896346092224121,0.04413424532559287,15,auto,500,"{'max_depth': 15, 'max_features': 'auto', 'n_estimators': 500}",0.8225602589504826,0.8024410598569779,0.7906518443258573,0.806609150835702,0.7994436408733567,0.8043411909684753,0.010507833142653012,127
31.16394672393799,0.7097590649408793,0.9822287559509277,0.0386497201142472,15,auto,550,"{'max_depth': 15, 'max_features': 'auto', 'n_estimators': 550}",0.8239963083941568,0.8038867365951134,0.7918336276911585,0.8053002344312142,0.7977335769608089,0.8045500968144903,0.010838186452595431,126
6.772201156616211,0.05325677148749163,0.19019656181335448,0.002625265550334312,15,6,100,"{'max_depth': 15, 'max_features': 6, 'n_estimators': 100}",0.821419490497201,0.8023938465498941,0.7910311333514801,0.808544237022407,0.7974400605014107,0.8041657535844786,0.010370683731766023,128
9.72915186882019,0.4423464508941805,0.27610368728637696,0.028981629436250576,15,6,150,"{'max_depth': 15, 'max_features': 6, 'n_estimators': 150}",0.82366515584084,0.8067219088735695,0.7939718102267715,0.8082602977761741,0.7976896817065207,0.806061770884775,0.010309291832988189,124
13.397312641143799,0.7970897116740988,0.36485276222229,0.014385290421691612,15,6,200,"{'max_depth': 15, 'max_features': 6, 'n_estimators': 200}",0.8250351330307462,0.8024328832507233,0.7938852964573666,0.8099144779738053,0.7987623389295375,0.8060060259284357,0.01085848375553692,125
20.124259567260744,0.5530674375113523,0.5335969924926758,0.02160379198625608,15,6,300,"{'max_depth': 15, 'max_features': 6, 'n_estimators': 300}",0.8262402592880973,0.8044241506352433,0.7942367586455741,0.8068369088841201,0.7996613983547213,0.8062798951615513,0.010872091107260274,123
31.295524263381957,0.3316919424103541,0.8561906337738037,0.011143533206562228,15,6,500,"{'max_depth': 15, 'max_features': 6, 'n_estimators': 500}",0.8250768073464961,0.8046296208375799,0.7935772230346076,0.8096868518061333,0.8012093671414935,0.8068359740332621,0.0105183333434528,119
36.883590126037596,1.8686354901699602,1.0276305198669433,0.0782843436720639,15,6,550,"{'max_depth': 15, 'max_features': 6, 'n_estimators': 550}",0.8259629140791663,0.8054151025610186,0.7947019020368717,0.8111089218907268,0.8008932419818444,0.8076164165099255,0.010636005921439602,117
8.747458124160767,0.1231974830268406,0.19227662086486816,0.0019398366245963288,15,8,100,"{'max_depth': 15, 'max_features': 8, 'n_estimators': 100}",0.8296911827698332,0.8076607679046577,0.7994955033940829,0.8157759177317355,0.8040186634159497,0.8113284070432518,0.010619542562909659,110
12.370879983901977,0.5484540763294687,0.2626214504241943,0.011993222407713985,15,8,150,"{'max_depth': 15, 'max_features': 8, 'n_estimators': 150}",0.8288131207626717,0.8090422187194695,0.7977443908481092,0.8183142264508465,0.7997526264434531,0.81073331664491,0.011631827657517737,114
16.654737997055054,0.7180938487171076,0.3620731353759766,0.02045975068787081,15,8,200,"{'max_depth': 15, 'max_features': 8, 'n_estimators': 200}",0.8283527250782317,0.8078053092023221,0.8002259908464211,0.8158739051260464,0.8016378747292905,0.8107791609964623,0.010378466954320386,113
26.404025268554687,0.35141857086563977,0.6049367904663085,0.05137833136028026,15,8,300,"{'max_depth': 15, 'max_features': 8, 'n_estimators': 300}",0.8317718653001711,0.8074957850913564,0.7988152625059874,0.8167666058960189,0.8012524691080537,0.8112203975803176,0.012002024533842665,111
42.49883131980896,1.5284066198194715,0.9102062702178955,0.04671921267706451,15,8,500,"{'max_depth': 15, 'max_features': 8, 'n_estimators': 500}",0.8298111942487334,0.8070746898692376,0.8008922523754359,0.815813239982866,0.8031559630116376,0.8113494678975821,0.010540599670591635,109
47.826829719543454,1.4642496113270884,1.0391590595245361,0.05400097272134049,15,8,550,"{'max_depth': 15, 'max_features': 8, 'n_estimators': 550}",0.8299455807289524,0.8087479927750452,0.7985966042290462,0.8157943810361817,0.8027919761590595,0.8111753069856571,0.011027736617700496,112
10.61936297416687,0.05186318324583519,0.1930013656616211,0.0025929316394033845,15,10,100,"{'max_depth': 15, 'max_features': 10, 'n_estimators': 100}",0.8306602424917653,0.8064407391230037,0.8016165414327102,0.8167461643803822,0.80403043051725,0.8118988235890223,0.010704346536841049,108
15.491499519348144,0.6109726520456445,0.278793478012085,0.012687293289942206,15,10,150,"{'max_depth': 15, 'max_features': 10, 'n_estimators': 150}",0.8338306556266657,0.8076594490971971,0.7996079976704584,0.8176471736373554,0.8032294743411084,0.8123949500745571,0.012304571439769959,107
21.419577074050903,0.22485597298563587,0.38836016654968264,0.015754004789294517,15,10,200,"{'max_depth': 15, 'max_features': 10, 'n_estimators': 200}",0.82974696832541,0.8104224826075672,0.8015126194048274,0.820217265616263,0.8019440837923384,0.8127686839492811,0.010891456537386084,106
32.20463652610779,0.18511358978897965,0.6200868606567382,0.06425135466656827,15,10,300,"{'max_depth': 15, 'max_features': 10, 'n_estimators': 300}",0.8320985339081224,0.8093473907658157,0.802387384393338,0.8198734525113258,0.8038392481747771,0.8135092019506758,0.011140829879035306,103
53.9232262134552,2.23517226578108,0.944341516494751,0.046278263897919565,15,10,500,"{'max_depth': 15, 'max_features': 10, 'n_estimators': 500}",0.8316622724002084,0.8101364332693975,0.8032837778241998,0.8214995421100497,0.8052494493261021,0.8143662949859916,0.010713214651215993,100
54.73243627548218,0.7439326556506484,1.0285974502563477,0.074111306439382,15,10,550,"{'max_depth': 15, 'max_features': 10, 'n_estimators': 550}",0.8308589867760537,0.8093041338811132,0.8029240071489915,0.8191267437272243,0.8040773667078296,0.8132582476482424,0.010497098468587292,105
